Id,Name,Industry
001dM00003iv4onQAA,Edge Communications,Electronics
001dM00003iv4ooQAA,Burlington Textiles Corp of America,Apparel
001dM00003iv4opQAA,Pyramid Construction Inc.,Construction
001dM00003iv4oqQAA,Dickenson plc,Consulting
001dM00003iv4orQAA,Grand Hotels & Resorts Ltd,Hospitality
001dM00003iv4osQAA,United Oil & Gas Corp.,Energy
001dM00003iv4otQAA,Express Logistics and Transport,Transportation
001dM00003iv4ouQAA,University of Arizona,Education
001dM00003iv4ovQAA,"United Oil & Gas, UK",Energy
001dM00003iv4owQAA,"United Oil & Gas, Singapore",Energy
001dM00003iv4oxQAA,GenePoint,Biotechnology
001dM00003iv4oyQAA,sForce,
001dM00003iv4ozQAA,Sample Account for Entitlements,
